<?xml version="1.0"?>
<doc>
    <assembly>
        <name>ReactiveProperty.NET46</name>
    </assembly>
    <members>
        <member name="T:Reactive.Bindings.Properties.Resources">
            <summary>
              ローカライズされた文字列などを検索するための、厳密に型指定されたリソース クラスです。
            </summary>
        </member>
        <member name="P:Reactive.Bindings.Properties.Resources.ResourceManager">
            <summary>
              このクラスで使用されているキャッシュされた ResourceManager インスタンスを返します。
            </summary>
        </member>
        <member name="P:Reactive.Bindings.Properties.Resources.Culture">
            <summary>
              厳密に型指定されたこのリソース クラスを使用して、すべての検索リソースに対し、
              現在のスレッドの CurrentUICulture プロパティをオーバーライドします。
            </summary>
        </member>
        <member name="T:Reactive.Bindings.Extensions.DependencyObjectExtensions">
            <summary>
            DependencyObject extension methods.
            </summary>
        </member>
        <member name="M:Reactive.Bindings.Extensions.DependencyObjectExtensions.ObserveDependencyProperty``1(``0,System.Windows.DependencyProperty)">
            <summary>
            Observe DependencyProperty
            </summary>
            <typeparam name="T"></typeparam>
            <param name="self"></param>
            <param name="dp"></param>
            <returns></returns>
        </member>
        <member name="M:Reactive.Bindings.Extensions.DependencyObjectExtensions.ToReadOnlyReactiveProperty``1(System.Windows.DependencyObject,System.Windows.DependencyProperty,Reactive.Bindings.ReactivePropertyMode,System.Reactive.Concurrency.IScheduler)">
            <summary>
            Create ReadOnlyReactiveProperty from DependencyObject
            </summary>
        </member>
        <member name="M:Reactive.Bindings.Extensions.DependencyObjectExtensions.ToReactiveProperty``1(System.Windows.DependencyObject,System.Windows.DependencyProperty,System.Reactive.Concurrency.IScheduler,Reactive.Bindings.ReactivePropertyMode)">
            <summary>
            Create ReactiveProperty from DependencyObject
            </summary>
        </member>
        <member name="T:Reactive.Bindings.Interactivity.EventToReactiveCommand">
            <summary>
            Converts EventArgs to object
            </summary>
        </member>
        <member name="P:Reactive.Bindings.Interactivity.EventToReactiveCommand.IgnoreEventArgs">
            <summary>
            Ignore EventArgs. If value is false then uses Unit.Default.
            </summary>
        </member>
        <member name="P:Reactive.Bindings.Interactivity.EventToReactiveCommand.Converters">
            <summary>
            set and get Value converter.
            </summary>
        </member>
        <member name="T:Reactive.Bindings.Interactivity.EventToReactiveProperty">
            <summary>
            Converts EventArgs to object
            </summary>
        </member>
        <member name="P:Reactive.Bindings.Interactivity.EventToReactiveProperty.IgnoreEventArgs">
            <summary>
            Ignore EventArgs. If value is false then uses Unit.Default.
            </summary>
        </member>
        <member name="P:Reactive.Bindings.Interactivity.EventToReactiveProperty.Converters">
            <summary>
            set and get Value converter.
            </summary>
        </member>
        <member name="M:Reactive.Bindings.ObjectExtensions.ObserveEveryValueChangedExtensions.ObserveEveryValueChanged``2(``0,System.Func{``0,``1},System.Collections.Generic.IEqualityComparer{``1})">
            <summary>
            Publish target property when value is changed. If source is destructed, publish OnCompleted.
            </summary>
        </member>
    </members>
</doc>
